RunDate,RunTime,Strategy,Signals,TradesTaken,SkippedMaxPositions,SkippedTooSmall,WinRate%,ProfitFactor,StartCapital,EndCapital,NetReturn%,MaxDrawdown%
2026-10-03,14:39:41,Resistance Breakout,215,175,38,2,37.7,0.93,1000000.0,954087.0,-4.59,-10.44
2026-10-03,14:39:41,EMA Trend + Pullback,376,212,164,0,37.7,0.83,1000000.0,862463.0,-13.75,-16.41
2026-10-03,14:39:41,Golden Cross,4,4,0,0,50.0,1.04,1000000.0,1000734.0,0.07,-1.89
2026-10-03,14:39:41,Multi-Confluence Momentum,255,218,37,0,45.0,0.8,1000000.0,843120.0,-15.69,-19.07
2026-10-03,14:39:41,Precision 2R V2,28,28,0,0,39.3,0.66,1000000.0,956781.0,-4.32,-4.41
2026-10-03,14:39:41,Regime RS Breakout,114,102,12,0,41.2,0.71,1000000.0,884964.0,-11.5,-16.01
2026-10-03,14:39:41,RSI Reversal,64,58,6,0,32.8,0.61,1000000.0,902248.0,-9.78,-11.61
2026-10-03,14:39:41,Smart Pullback,152,134,18,0,35.8,0.69,1000000.0,838460.0,-16.15,-22.99
2026-10-03,14:39:41,Trend Pullback,21,21,0,0,42.9,1.56,1000000.0,1042394.0,4.24,-2.92
2026-10-03,14:39:41,Trend Surfer (7-Filter),169,147,21,1,29.9,0.6,1000000.0,771940.0,-22.81,-22.9
2026-10-03,14:39:41,Volatility Squeeze Breakout,11,11,0,0,9.1,0.0,1000000.0,917990.0,-8.2,-8.2
2026-10-03,14:39:04,Resistance Breakout,214,175,37,2,37.7,0.93,1000000.0,954087.0,-4.59,-10.44
2026-10-03,14:39:04,EMA Trend + Pullback,377,212,165,0,37.7,0.83,1000000.0,862463.0,-13.75,-16.41
2026-10-03,14:39:04,Golden Cross,4,4,0,0,50.0,1.04,1000000.0,1000734.0,0.07,-1.89
2026-10-03,14:39:04,Multi-Confluence Momentum,255,218,37,0,45.0,0.8,1000000.0,843120.0,-15.69,-19.07
2026-10-03,14:39:04,Precision 2R V2,29,29,0,0,37.9,0.64,1000000.0,952076.0,-4.79,-4.88
2026-10-03,14:39:04,Regime RS Breakout,114,102,12,0,41.2,0.71,1000000.0,884964.0,-11.5,-16.01
2026-10-03,14:39:04,RSI Reversal,64,58,6,0,32.8,0.61,1000000.0,902248.0,-9.78,-11.61
2026-10-03,14:39:04,Smart Pullback,152,134,18,0,35.8,0.69,1000000.0,838461.0,-16.15,-22.99
2026-10-03,14:39:04,Trend Pullback,22,22,0,0,40.9,1.44,1000000.0,1035538.0,3.55,-2.9
2026-10-03,14:39:04,Trend Surfer (7-Filter),169,147,21,1,29.9,0.6,1000000.0,771940.0,-22.81,-22.9
2026-10-03,14:39:04,Volatility Squeeze Breakout,11,11,0,0,9.1,0.0,1000000.0,917990.0,-8.2,-8.2
2026-10-04,05:32:32,EMA Trend + Pullback,378,219,159,0,41.1,0.83,1000000.0,868640.0,-13.14,-15.27
2026-10-04,05:33:50,EMA Trend + Pullback,356,148,207,1,35.8,0.92,1000000.0,942810.0,-5.72,-18.68
2026-10-04,05:34:10,EMA Trend + Pullback,376,212,164,0,37.7,0.83,1000000.0,862463.0,-13.75,-16.41
2026-10-04,05:34:10,Baseline: Random Entry,636,369,267,0,40.1,0.93,1000000.0,877480.0,-12.25,-29.08
2026-10-04,05:34:10,Baseline: Random (Close > SMA200),428,313,114,1,42.2,1.02,1000000.0,1028838.0,2.88,-16.71
