Strategy,Month,Trades,ReturnPct,WinRate
EMA Trend + Pullback,2025-10,28,14.71,57.1
EMA Trend + Pullback,2025-11,17,-37.29,29.4
EMA Trend + Pullback,2025-12,31,36.8,64.5
EMA Trend + Pullback,2026-01,26,-11.27,42.3
EMA Trend + Pullback,2026-02,19,-32.28,26.3
EMA Trend + Pullback,2026-03,27,-101.58,3.7
EMA Trend + Pullback,2026-04,1,10.52,100.0
EMA Trend + Pullback,2026-05,15,1.5,46.7
EMA Trend + Pullback,2026-06,19,6.84,57.9
EMA Trend + Pullback,2026-07,32,54.85,53.1
EMA Trend + Pullback,2026-08,25,-75.14,12.0
EMA Trend + Pullback,2026-09,25,-105.56,4.0
Multi-Confluence Momentum,2025-10,13,-1.85,53.8
Multi-Confluence Momentum,2025-11,8,-3.63,50.0
Multi-Confluence Momentum,2025-12,4,8.53,50.0
Multi-Confluence Momentum,2026-01,11,-0.41,54.5
Multi-Confluence Momentum,2026-02,11,-29.29,27.3
Multi-Confluence Momentum,2026-03,2,8.31,100.0
Multi-Confluence Momentum,2026-04,5,20.27,80.0
Multi-Confluence Momentum,2026-05,6,4.91,50.0
Multi-Confluence Momentum,2026-06,3,-0.39,33.3
Multi-Confluence Momentum,2026-07,8,-2.58,37.5
Multi-Confluence Momentum,2026-08,5,-22.48,0.0
Multi-Confluence Momentum,2026-09,4,-17.59,0.0
Precision 2R V2,2025-10,1,1.84,100.0
Precision 2R V2,2025-11,1,3.47,100.0
Precision 2R V2,2025-12,1,1.81,100.0
Precision 2R V2,2026-01,4,-9.98,25.0
Precision 2R V2,2026-02,1,-4.64,0.0
Precision 2R V2,2026-06,1,-2.63,0.0
Precision 2R V2,2026-08,1,0.36,100.0
RSI Reversal,2025-10,6,14.91,66.7
RSI Reversal,2025-11,5,-1.66,20.0
RSI Reversal,2025-12,18,-38.94,27.8
RSI Reversal,2026-01,16,7.39,25.0
RSI Reversal,2026-02,6,25.37,66.7
RSI Reversal,2026-03,48,-111.09,8.3
RSI Reversal,2026-04,20,48.45,40.0
RSI Reversal,2026-05,3,-3.76,33.3
RSI Reversal,2026-06,8,7.06,50.0
RSI Reversal,2026-07,3,5.47,33.3
RSI Reversal,2026-08,5,-3.78,40.0
RSI Reversal,2026-09,27,-20.41,18.5
Regime RS Breakout,2025-10,11,16.58,54.5
Regime RS Breakout,2025-11,5,6.11,60.0
Regime RS Breakout,2025-12,7,7.59,57.1
Regime RS Breakout,2026-01,6,-18.31,33.3
Regime RS Breakout,2026-02,1,2.14,100.0
Regime RS Breakout,2026-06,1,-7.63,0.0
Regime RS Breakout,2026-07,4,-8.6,25.0
Regime RS Breakout,2026-08,7,-22.93,28.6
Regime RS Breakout,2026-09,1,-6.0,0.0
Resistance Breakout,2025-10,28,2.55,39.3
Resistance Breakout,2025-11,16,8.75,56.2
Resistance Breakout,2025-12,11,24.23,63.6
Resistance Breakout,2026-01,37,-85.72,5.4
Resistance Breakout,2026-02,14,-36.56,14.3
Resistance Breakout,2026-03,5,-4.09,20.0
Resistance Breakout,2026-04,26,47.76,50.0
Resistance Breakout,2026-05,24,-1.41,41.7
Resistance Breakout,2026-06,19,-28.17,21.1
Resistance Breakout,2026-07,22,-4.28,31.8
Resistance Breakout,2026-08,26,-17.4,30.8
Resistance Breakout,2026-09,4,-13.44,0.0
Smart Pullback,2025-10,5,4.07,60.0
Smart Pullback,2025-11,3,-2.87,33.3
Smart Pullback,2025-12,10,24.85,70.0
Smart Pullback,2026-07,6,11.19,66.7
Smart Pullback,2026-08,5,5.15,60.0
Trend Pullback,2025-12,2,4.96,50.0
Trend Pullback,2026-01,2,5.56,50.0
Trend Pullback,2026-03,1,-4.7,0.0
Trend Pullback,2026-05,1,-4.95,0.0
Trend Pullback,2026-07,1,-2.75,0.0
Trend Pullback,2026-09,1,-5.55,0.0
Trend Surfer (7-Filter),2025-10,16,24.93,56.2
Trend Surfer (7-Filter),2025-11,6,-12.8,16.7
Trend Surfer (7-Filter),2025-12,7,7.42,57.1
Trend Surfer (7-Filter),2026-01,11,-5.77,27.3
Trend Surfer (7-Filter),2026-02,9,-9.88,33.3
Trend Surfer (7-Filter),2026-03,5,-0.43,20.0
Trend Surfer (7-Filter),2026-04,7,23.89,57.1
Trend Surfer (7-Filter),2026-05,11,-17.19,18.2
Trend Surfer (7-Filter),2026-06,4,4.51,50.0
Trend Surfer (7-Filter),2026-07,10,-0.97,40.0
Trend Surfer (7-Filter),2026-08,13,-18.38,23.1
Trend Surfer (7-Filter),2026-09,10,-19.52,0.0
Volatility Squeeze Breakout,2025-10,2,-6.23,0.0
Volatility Squeeze Breakout,2025-12,1,0.33,100.0
Volatility Squeeze Breakout,2026-07,1,-4.8,0.0
