RunDate,RunTime,Strategy,Year,Trades,WinRate,ReturnPct,AvgR
2026-09-29,18:56:19,EMA Trend + Pullback,2025,76,53.9,14.22,0.03
2026-09-29,18:56:19,EMA Trend + Pullback,2026,189,30.2,-252.12,-0.32
2026-09-29,18:56:19,Multi-Confluence Momentum,2025,25,52.0,3.05,0.09
2026-09-29,18:56:19,Multi-Confluence Momentum,2026,55,40.0,-39.25,-0.2
2026-09-29,18:56:19,Precision 2R V2,2025,3,100.0,7.12,0.55
2026-09-29,18:56:19,Precision 2R V2,2026,7,28.6,-16.89,-0.52
2026-09-29,18:56:19,RSI Reversal,2025,29,34.5,-25.69,-0.48
2026-09-29,18:56:19,RSI Reversal,2026,136,24.3,-45.3,0.54
2026-09-29,18:56:19,Regime RS Breakout,2025,23,56.5,30.28,0.29
2026-09-29,18:56:19,Regime RS Breakout,2026,20,30.0,-61.33,-0.46
2026-09-29,18:56:19,Resistance Breakout,2025,55,49.1,35.53,0.22
2026-09-29,18:56:19,Resistance Breakout,2026,177,26.6,-143.31,-0.34
2026-09-29,18:56:19,Smart Pullback,2025,18,61.1,26.05,0.45
2026-09-29,18:56:19,Smart Pullback,2026,11,63.6,16.34,0.28
2026-09-29,18:56:19,Trend Pullback,2025,2,50.0,4.96,1.05
2026-09-29,18:56:19,Trend Pullback,2026,6,16.7,-12.39,-0.57
2026-09-29,18:56:19,Trend Surfer (7-Filter),2025,29,48.3,19.55,0.23
2026-09-29,18:56:19,Trend Surfer (7-Filter),2026,80,27.5,-43.74,-0.33
2026-09-29,18:56:19,Volatility Squeeze Breakout,2025,3,33.3,-5.9,-0.38
2026-09-29,18:56:19,Volatility Squeeze Breakout,2026,1,0.0,-4.8,-1.02
2026-10-03,10:06:11,Baseline: Random (Close > SMA200),2026,1,100.0,4.7,0.84
2026-10-03,10:06:11,Baseline: Random Entry,2026,1,100.0,4.7,0.84
2026-10-03,10:06:11,EMA Trend + Pullback,2026,4,0.0,-19.66,-1.02
2026-10-03,10:06:11,Multi-Confluence Momentum,2026,1,0.0,-7.54,-1.01
2026-10-03,10:06:11,RSI Reversal,2026,2,50.0,1.04,0.5
2026-10-03,10:06:11,Regime RS Breakout,2026,1,0.0,-7.45,-1.01
2026-10-03,10:06:11,Resistance Breakout,2026,2,50.0,-1.32,-0.44
2026-10-03,10:06:11,Smart Pullback,2026,1,0.0,-5.39,-1.02
2026-10-03,10:06:11,Trend Surfer (7-Filter),2026,1,0.0,-3.22,-1.03
2026-10-03,14:39:41,EMA Trend + Pullback,2023,34,26.5,-34.93,-0.12
2026-10-03,14:39:41,EMA Trend + Pullback,2024,192,38.0,-30.81,-0.09
2026-10-03,14:39:41,EMA Trend + Pullback,2025,117,40.2,-19.06,-0.03
2026-10-03,14:39:41,EMA Trend + Pullback,2026,33,39.4,-21.33,-0.14
2026-10-03,14:39:41,Golden Cross,2024,1,100.0,9.39,2.45
2026-10-03,14:39:41,Golden Cross,2025,3,33.3,-9.39,-0.68
2026-10-03,14:39:41,Multi-Confluence Momentum,2023,28,60.7,43.9,0.2
2026-10-03,14:39:41,Multi-Confluence Momentum,2024,86,46.5,22.57,0.03
2026-10-03,14:39:41,Multi-Confluence Momentum,2025,83,45.8,-50.26,-0.1
2026-10-03,14:39:41,Multi-Confluence Momentum,2026,58,43.1,-15.2,-0.17
2026-10-03,14:39:41,Precision 2R V2,2023,5,20.0,-8.47,-0.37
2026-10-03,14:39:41,Precision 2R V2,2024,11,36.4,-3.06,0.33
2026-10-03,14:39:41,Precision 2R V2,2025,5,80.0,8.19,0.43
2026-10-03,14:39:41,Precision 2R V2,2026,7,28.6,-18.29,-0.57
2026-10-03,14:39:41,RSI Reversal,2023,8,25.0,-10.77,-0.35
2026-10-03,14:39:41,RSI Reversal,2024,35,42.9,3.08,0.1
2026-10-03,14:39:41,RSI Reversal,2025,10,40.0,-11.85,-0.41
2026-10-03,14:39:41,RSI Reversal,2026,11,18.2,-22.84,-0.79
2026-10-03,14:39:41,Regime RS Breakout,2023,20,50.0,-5.87,-0.05
2026-10-03,14:39:41,Regime RS Breakout,2024,29,41.4,-31.4,-0.19
2026-10-03,14:39:41,Regime RS Breakout,2025,45,48.9,7.84,0.08
2026-10-03,14:39:41,Regime RS Breakout,2026,20,20.0,-65.33,-0.5
2026-10-03,14:39:41,Resistance Breakout,2023,30,16.7,-44.45,-0.56
2026-10-03,14:39:41,Resistance Breakout,2024,107,33.6,-74.97,-0.18
2026-10-03,14:39:41,Resistance Breakout,2025,56,46.4,18.03,0.1
2026-10-03,14:39:41,Resistance Breakout,2026,22,18.2,-30.69,-0.37
2026-10-03,14:39:41,Smart Pullback,2023,13,46.2,13.0,0.25
2026-10-03,14:39:41,Smart Pullback,2024,81,28.4,-111.63,-0.28
2026-10-03,14:39:41,Smart Pullback,2025,47,42.6,18.13,0.11
2026-10-03,14:39:41,Smart Pullback,2026,11,63.6,14.14,0.23
2026-10-03,14:39:41,Trend Pullback,2023,1,0.0,-3.3,-1.1
2026-10-03,14:39:41,Trend Pullback,2024,8,50.0,18.33,0.42
2026-10-03,14:39:41,Trend Pullback,2025,7,57.1,15.45,0.92
2026-10-03,14:39:41,Trend Pullback,2026,5,20.0,-7.84,-0.55
2026-10-03,14:39:41,Trend Surfer (7-Filter),2023,13,0.0,-39.43,-1.02
2026-10-03,14:39:41,Trend Surfer (7-Filter),2024,67,31.3,-59.13,-0.29
2026-10-03,14:39:41,Trend Surfer (7-Filter),2025,61,41.0,-16.46,-0.07
2026-10-03,14:39:41,Trend Surfer (7-Filter),2026,28,28.6,-35.45,-0.44
2026-10-03,14:39:41,Volatility Squeeze Breakout,2023,1,0.0,-4.97,-1.06
2026-10-03,14:39:41,Volatility Squeeze Breakout,2024,2,0.0,-9.09,-0.88
2026-10-03,14:39:41,Volatility Squeeze Breakout,2025,6,16.7,-19.05,-0.65
2026-10-03,14:39:41,Volatility Squeeze Breakout,2026,2,0.0,-10.67,-1.12
2026-10-03,14:39:04,EMA Trend + Pullback,2023,34,26.5,-34.93,-0.12
2026-10-03,14:39:04,EMA Trend + Pullback,2024,193,38.3,-29.14,-0.09
2026-10-03,14:39:04,EMA Trend + Pullback,2025,117,40.2,-19.06,-0.03
2026-10-03,14:39:04,EMA Trend + Pullback,2026,33,39.4,-21.33,-0.14
2026-10-03,14:39:04,Golden Cross,2024,1,100.0,9.39,2.45
2026-10-03,14:39:04,Golden Cross,2025,3,33.3,-9.39,-0.68
2026-10-03,14:39:04,Multi-Confluence Momentum,2023,28,60.7,43.9,0.2
2026-10-03,14:39:04,Multi-Confluence Momentum,2024,86,46.5,22.57,0.03
2026-10-03,14:39:04,Multi-Confluence Momentum,2025,83,45.8,-50.26,-0.1
2026-10-03,14:39:04,Multi-Confluence Momentum,2026,58,43.1,-15.2,-0.17
2026-10-03,14:39:04,Precision 2R V2,2023,5,20.0,-8.47,-0.37
2026-10-03,14:39:04,Precision 2R V2,2024,12,33.3,-5.48,0.2
2026-10-03,14:39:04,Precision 2R V2,2025,5,80.0,8.19,0.43
2026-10-03,14:39:04,Precision 2R V2,2026,7,28.6,-18.29,-0.57
2026-10-03,14:39:04,RSI Reversal,2023,8,25.0,-10.77,-0.35
2026-10-03,14:39:04,RSI Reversal,2024,35,42.9,3.08,0.1
2026-10-03,14:39:04,RSI Reversal,2025,10,40.0,-11.85,-0.41
2026-10-03,14:39:04,RSI Reversal,2026,11,18.2,-22.84,-0.79
2026-10-03,14:39:04,Regime RS Breakout,2023,20,50.0,-5.87,-0.05
2026-10-03,14:39:04,Regime RS Breakout,2024,29,41.4,-31.4,-0.19
2026-10-03,14:39:04,Regime RS Breakout,2025,45,48.9,7.84,0.08
2026-10-03,14:39:04,Regime RS Breakout,2026,20,20.0,-65.33,-0.5
2026-10-03,14:39:04,Resistance Breakout,2023,30,16.7,-44.45,-0.56
2026-10-03,14:39:04,Resistance Breakout,2024,106,34.0,-70.64,-0.17
2026-10-03,14:39:04,Resistance Breakout,2025,56,46.4,18.03,0.1
2026-10-03,14:39:04,Resistance Breakout,2026,22,18.2,-30.69,-0.37
2026-10-03,14:39:04,Smart Pullback,2023,13,46.2,13.0,0.25
2026-10-03,14:39:04,Smart Pullback,2024,81,28.4,-111.63,-0.28
2026-10-03,14:39:04,Smart Pullback,2025,47,42.6,18.13,0.11
2026-10-03,14:39:04,Smart Pullback,2026,11,63.6,14.14,0.23
2026-10-03,14:39:04,Trend Pullback,2023,1,0.0,-3.3,-1.1
2026-10-03,14:39:04,Trend Pullback,2024,9,44.4,15.02,0.25
2026-10-03,14:39:04,Trend Pullback,2025,7,57.1,15.45,0.92
2026-10-03,14:39:04,Trend Pullback,2026,5,20.0,-7.84,-0.55
2026-10-03,14:39:04,Trend Surfer (7-Filter),2023,13,0.0,-39.43,-1.02
2026-10-03,14:39:04,Trend Surfer (7-Filter),2024,67,31.3,-59.13,-0.29
2026-10-03,14:39:04,Trend Surfer (7-Filter),2025,61,41.0,-16.46,-0.07
2026-10-03,14:39:04,Trend Surfer (7-Filter),2026,28,28.6,-35.45,-0.44
2026-10-03,14:39:04,Volatility Squeeze Breakout,2023,1,0.0,-4.97,-1.06
2026-10-03,14:39:04,Volatility Squeeze Breakout,2024,2,0.0,-9.09,-0.88
2026-10-03,14:39:04,Volatility Squeeze Breakout,2025,6,16.7,-19.05,-0.65
2026-10-03,14:39:04,Volatility Squeeze Breakout,2026,2,0.0,-10.67,-1.12
2026-10-04,05:32:32,EMA Trend + Pullback,2023,34,29.4,-39.92,-0.23
2026-10-04,05:32:32,EMA Trend + Pullback,2024,192,40.6,-48.81,-0.13
2026-10-04,05:32:32,EMA Trend + Pullback,2025,117,43.6,-4.19,0.03
2026-10-04,05:32:32,EMA Trend + Pullback,2026,35,42.9,-15.54,-0.13
2026-10-04,05:33:50,EMA Trend + Pullback,2023,34,26.5,-15.41,0.12
2026-10-04,05:33:50,EMA Trend + Pullback,2024,183,38.3,85.46,0.02
2026-10-04,05:33:50,EMA Trend + Pullback,2025,106,32.1,-59.96,-0.09
2026-10-04,05:33:50,EMA Trend + Pullback,2026,33,33.3,-14.54,-0.18
2026-10-04,05:34:10,Baseline: Random (Close > SMA200),2023,43,58.1,114.88,0.59
2026-10-04,05:34:10,Baseline: Random (Close > SMA200),2024,164,39.6,-28.16,-0.11
2026-10-04,05:34:10,Baseline: Random (Close > SMA200),2025,109,44.0,35.76,0.02
2026-10-04,05:34:10,Baseline: Random (Close > SMA200),2026,112,33.0,-58.97,-0.24
2026-10-04,05:34:10,Baseline: Random Entry,2023,47,61.7,121.99,0.6
2026-10-04,05:34:10,Baseline: Random Entry,2024,198,39.4,-69.78,-0.09
2026-10-04,05:34:10,Baseline: Random Entry,2025,199,41.2,-77.38,-0.08
2026-10-04,05:34:10,Baseline: Random Entry,2026,192,31.2,-171.89,-0.28
2026-10-04,05:34:10,EMA Trend + Pullback,2023,34,26.5,-34.93,-0.12
2026-10-04,05:34:10,EMA Trend + Pullback,2024,192,38.0,-30.81,-0.09
2026-10-04,05:34:10,EMA Trend + Pullback,2025,117,40.2,-19.06,-0.03
2026-10-04,05:34:10,EMA Trend + Pullback,2026,33,39.4,-21.33,-0.14
